,Cohort,Measure,Medical_Worst,Medical_Worse,Medical_Mid,Medical_Better,Medical_Best,Rx_Before_Rebate_Worst,Rx_Before_Rebate_Worse,Rx_Before_Rebate_Mid,Rx_Before_Rebate_Better,Rx_Before_Rebate_Best,Scoring Method
0,All CHF Patients,CHF Related Average Cost per Patient,24606.077554344134,23900.245405249956,22217.18600972846,20528.521527063636,19606.11345756563,2784.0,2784.0,2784.0,2784.0,2784.0,-1
1,CHF+AF,CHF Related Average Cost per Patient,32589.501045732737,31177.768880926866,27975.995286780926,24866.07184317443,23073.616866584434,2784.0,2784.0,2784.0,2784.0,2784.0,-1
2,All CHF Patients,CHF Related Hospitalization Rate,0.0,936.0986924022039,821.5111274792249,707.3836221659217,0.0,0.0,0.0,0.0,0.0,0.0,-1
3,CHF+AF,CHF Related Hospitalization Rate,0.0,1233.0900078767759,989.9876884227974,753.9289356926434,0.0,0.0,0.0,0.0,0.0,0.0,-1
4,All CHF Patients,NT-proBNP Change %,0.0,-0.2581621025171962,-0.2505181942966807,-0.2438313715736697,0.0,0.0,0.0,0.0,0.0,0.0,1
5,CHF+AF,NT-proBNP Change %,0.0,-0.3107456017011383,-0.29959057129744926,-0.2911042052078677,0.0,0.0,0.0,0.0,0.0,0.0,1
6,All CHF Patients,LVEF LS Mean Change %,0.0,0.029590153928252948,0.030188559293991765,0.03109057570922011,0.0,0.0,0.0,0.0,0.0,0.0,1
7,CHF+AF,LVEF LS Mean Change %,0.0,0.04798864846032963,0.04924420644490531,0.05074154893485914,0.0,0.0,0.0,0.0,0.0,0.0,1
