dosage,YTD,Annualized,Plan Target
24/26mg,27320.71504,89004.46504,102375
49/51mg,38658.81179,125941.318,144860.625
97/103mg,21446.76131,69868.50506,80364.375