dosage,YTD,Annualized,Plan Target
24/26mg,455.3452507,1483.407751,1706.25
49/51mg,644.3135298,2099.021967,2414.34375
97/103mg,357.4460218,1164.475084,1339.40625