{"df_perfom_assump": {"Cohort": {"0": "All CHF Patients", "1": "CHF+AF", "2": "All CHF Patients", "3": "CHF+AF", "4": "All CHF Patients", "5": "CHF+AF", "6": "All CHF Patients", "7": "CHF+AF"}, "Measure": {"0": "CHF Related Average Cost per Patient", "1": "CHF Related Average Cost per Patient", "2": "CHF Related Hospitalization Rate", "3": "CHF Related Hospitalization Rate", "4": "NT-proBNP Change %", "5": "NT-proBNP Change %", "6": "LVEF LS Mean Change %", "7": "LVEF LS Mean Change %"}, "Medical_Worst": {"0": 24606.077554344134, "1": 32589.501045732737, "2": 0.0, "3": 0.0, "4": 0.0, "5": 0.0, "6": 0.0, "7": 0.0}, "Medical_Worse": {"0": 23900.245405249956, "1": 31177.76888092687, "2": 936.0986924022039, "3": 1233.0900078767759, "4": -0.2581621025171962, "5": -0.3107456017011383, "6": 0.029590153928252948, "7": 0.04798864846032963}, "Medical_Mid": {"0": 22217.18600972846, "1": 27975.995286780926, "2": 821.5111274792249, "3": 989.9876884227974, "4": -0.2505181942966807, "5": -0.29959057129744926, "6": 0.030188559293991765, "7": 0.04924420644490531}, "Medical_Better": {"0": 20528.521527063636, "1": 24866.07184317443, "2": 707.3836221659217, "3": 753.9289356926434, "4": -0.2438313715736697, "5": -0.2911042052078677, "6": 0.03109057570922011, "7": 0.05074154893485914}, "Medical_Best": {"0": 19606.11345756563, "1": 23073.616866584434, "2": 0.0, "3": 0.0, "4": 0.0, "5": 0.0, "6": 0.0, "7": 0.0}, "Rx_Before_Rebate_Worst": {"0": 1160.0, "1": 1160.0, "2": 0.0, "3": 0.0, "4": 0.0, "5": 0.0, "6": 0.0, "7": 0.0}, "Rx_Before_Rebate_Worse": {"0": 1160.0, "1": 1160.0, "2": 0.0, "3": 0.0, "4": 0.0, "5": 0.0, "6": 0.0, "7": 0.0}, "Rx_Before_Rebate_Mid": {"0": 1160.0, "1": 1160.0, "2": 0.0, "3": 0.0, "4": 0.0, "5": 0.0, "6": 0.0, "7": 0.0}, "Rx_Before_Rebate_Better": {"0": 1160.0, "1": 1160.0, "2": 0.0, "3": 0.0, "4": 0.0, "5": 0.0, "6": 0.0, "7": 0.0}, "Rx_Before_Rebate_Best": {"0": 1160.0, "1": 1160.0, "2": 0.0, "3": 0.0, "4": 0.0, "5": 0.0, "6": 0.0, "7": 0.0}, "Scoring Method": {"0": -1, "1": -1, "2": -1, "3": -1, "4": 1, "5": 1, "6": 1, "7": 1}}, "df_recom_measure": {"Cohort": {"0": "All CHF Patients", "1": "CHF+AF", "2": "All CHF Patients", "3": "CHF+AF", "4": "All CHF Patients", "5": "CHF+AF", "6": "All CHF Patients", "7": "CHF+AF"}, "Measure": {"0": "CHF Related Average Cost per Patient", "1": "CHF Related Average Cost per Patient", "2": "CHF Related Hospitalization Rate", "3": "CHF Related Hospitalization Rate", "4": "NT-proBNP Change %", "5": "NT-proBNP Change %", "6": "LVEF LS Mean Change %", "7": "LVEF LS Mean Change %"}, "Target": {"0": 23377.0, "1": 29136.0, "2": 822.0, "3": 990.0, "4": -0.25, "5": -0.3, "6": 0.03, "7": 0.05}, "Weight": {"0": 0.3, "1": 0.3, "2": 0.3, "3": 0.3, "4": 0.0, "5": 0.0, "6": 0.4, "7": 0.4}, "Baseline": {"0": 23906.0, "1": 31474.0, "2": 910.0, "3": 1180.0, "4": 0.0, "5": 0.0, "6": 0.0, "7": 0.0}, "Likelihood": {"0": "High", "1": "High", "2": "High", "3": "High", "4": "High", "5": "High", "6": "High", "7": "High"}}, "recom_cohort": "All CHF Patients", "meas_recom": ["CHF Related Average Cost per Patient", "CHF Related Hospitalization Rate", "LVEF LS Mean Change %"], "meas_recom_not": ["CHF Related Average Cost per Patient", "CHF Related Hospitalization Rate", "LVEF LS Mean Change %"], "setup_all": {"measures": {"0": "Cost & Utilization Reduction", "1": "CHF Related Average Cost per Patient", "2": "CHF Related Hospitalization Rate", "3": "CHF Related Average IP Cost per Patient ", "4": "CHF Related ER Rate", "5": "All Causes Average Cost per Patient", "6": "All Causes Average IP Cost per Patient", "7": "All Causes Hospitalization Rate", "8": "All Causes ER Rate", "9": "Improving Disease Outcome", "10": "NT-proBNP Change %", "11": "LVEF LS Mean Change %", "12": "LAVi LS Mean Change", "13": "LVEDVi LS Mean Change", "14": "LVESVi LS Mean Change", "15": "E/e\u2019 LS Mean Change", "16": "Change in Self-Care Score", "17": "Change in Mobility Score ", "18": "CV Mortality Rate", "19": "Increasing Patient Safety", "20": "Emergent care rate for medication side effect", "21": "Hospitalization rate for medication side effect", "22": "Enhancing Care Quality", "23": "DOT", "24": "PDC", "25": "MPR", "26": "Better Patient Experience", "27": "Patient Reported SOB changes", "28": "Patient Reported Fatigue and Tiredness Changes", "29": "Patient Reported Peripheral Oedema Changes"}, "recom_value": {"0": NaN, "1": "$23,906", "2": "910", "3": "$4,000 ", "4": "40%", "5": "$4,000 ", "6": "$4,000 ", "7": "40%", "8": "40%", "9": NaN, "10": "0%", "11": "0%", "12": "40%", "13": "40%", "14": "40%", "15": "40%", "16": "40%", "17": "40%", "18": "40%", "19": NaN, "20": "40%", "21": "40%", "22": NaN, "23": "40%", "24": "40%", "25": "40%", "26": NaN, "27": "40%", "28": "40%", "29": "40%"}, "tarrecom_value": {"0": NaN, "1": "$23,377", "2": "822", "3": "$3,500 ", "4": "35%", "5": "$3,500 ", "6": "$3,500 ", "7": "35%", "8": "35%", "9": NaN, "10": "-25%", "11": "3%", "12": "35%", "13": "35%", "14": "35%", "15": "35%", "16": "35%", "17": "35%", "18": "35%", "19": NaN, "20": "35%", "21": "35%", "22": NaN, "23": "35%", "24": "35%", "25": "35%", "26": NaN, "27": "35%", "28": "35%", "29": "35%"}, "taruser_value": {"0": NaN, "1": "$23,377", "2": "822", "3": "$3,500 ", "4": "35%", "5": "$3,500 ", "6": "$3,500 ", "7": "35%", "8": "35%", "9": NaN, "10": "-25%", "11": "3%", "12": "35%", "13": "35%", "14": "35%", "15": "35%", "16": "35%", "17": "35%", "18": "35%", "19": NaN, "20": "35%", "21": "35%", "22": NaN, "23": "35%", "24": "35%", "25": "35%", "26": NaN, "27": "35%", "28": "35%", "29": "35%"}, "probrecom": {"0": NaN, "1": "High", "2": "High", "3": "High", "4": "High", "5": "High", "6": "High", "7": "High", "8": "High", "9": NaN, "10": "High", "11": "High", "12": "High", "13": "High", "14": "High", "15": "High", "16": "High", "17": "High", "18": "High", "19": NaN, "20": "High", "21": "High", "22": NaN, "23": "High", "24": "High", "25": "High", "26": NaN, "27": "High", "28": "High", "29": "High"}, "probuser": {"0": NaN, "1": "High", "2": "High", "3": "High", "4": "High", "5": "High", "6": "High", "7": "High", "8": "High", "9": NaN, "10": "High", "11": "High", "12": "High", "13": "High", "14": "High", "15": "High", "16": "High", "17": "High", "18": "High", "19": NaN, "20": "High", "21": "High", "22": NaN, "23": "High", "24": "High", "25": "High", "26": NaN, "27": "High", "28": "High", "29": "High"}, "weight_recom": {"0": "60%", "1": "30%", "2": "30%", "3": "0%", "4": "0%", "5": "0%", "6": "0%", "7": "0%", "8": "0%", "9": "40%", "10": "0%", "11": "40%", "12": "0%", "13": "0%", "14": "0%", "15": "0%", "16": "0%", "17": "0%", "18": "0%", "19": NaN, "20": "0%", "21": "0%", "22": NaN, "23": "0%", "24": "0%", "25": "0%", "26": NaN, "27": "0%", "28": "0%", "29": "0%"}, "weight_user": {"0": "60%", "1": "30%", "2": "30%", "3": "0%", "4": "0%", "5": "0%", "6": "0%", "7": "0%", "8": "0%", "9": "40%", "10": "0%", "11": "40%", "12": "0%", "13": "0%", "14": "0%", "15": "0%", "16": "0%", "17": "0%", "18": "0%", "19": NaN, "20": "0%", "21": "0%", "22": NaN, "23": "0%", "24": "0%", "25": "0%", "26": NaN, "27": "0%", "28": "0%", "29": "0%"}, "highlight_recom": {"0": NaN, "1": "green", "2": "green", "3": "green", "4": "green", "5": "green", "6": "green", "7": "green", "8": "green", "9": NaN, "10": "green", "11": "green", "12": "green", "13": "green", "14": "green", "15": "green", "16": "green", "17": "green", "18": "green", "19": NaN, "20": "green", "21": "green", "22": NaN, "23": "green", "24": "green", "25": "green", "26": NaN, "27": "green", "28": "green", "29": "green"}, "highlight_user": {"0": NaN, "1": "green", "2": "green", "3": "green", "4": "green", "5": "green", "6": "green", "7": "green", "8": "green", "9": NaN, "10": "green", "11": "green", "12": "green", "13": "green", "14": "green", "15": "green", "16": "green", "17": "green", "18": "green", "19": NaN, "20": "green", "21": "green", "22": NaN, "23": "green", "24": "green", "25": "green", "26": NaN, "27": "green", "28": "green",